eBlock,Start,End,Sequence
eBlock-1,219,519,GGGGATTCCCTACCATGCGGTGtttAACTATCTCGCCAAACTGGTGAATCAGGGAGAGTCCGTTGCCATCTGCGAACAAATTGGCGATCCGGCGACCAGCAAAGGTCCGGTTGAGCGCAAAGTTGTGCGTATCGTTACGCCAGGCACCATCAGCGATGAAGCCCTGTTGCAGGAGCGTCAGGACAACCTGCTGGCGGCTATCTGGCAGGACAGCAAAGGTTTCGGCTACGCGACGCTGGATATCAGTTCCGGGCGTTTTCGCCTGAGCGAACCGGCTGACCGCGAAACGATGGCGGCAGA
eBlock-1,219,519,GGGGATTCCCTACCATGCGGTGGAAAACTATCTCGCCAAACTGGTGAATCAGGGAGAGTCCGTTGCCATCTGCGAACAAATTGGCGATCCGGCGACCAGCAAAGGTagcGTTGAGCGCAAAcagGTGCGTATCGTTACGCCAGGCACCATCAGCcagGAAGCCCTGTTGCAGGAGCGTCAGGACAACCTGCTGGCGGCTATCTGGCAGGACAGCAAAGGTaccGGCTACGCGACGCTGGATATCAGTtttGGGCGTTTTCGCCTGAGCGAACCGGCTGACCGCGAAACGATGGCGGCAGA
eBlock-2,969,1319,CGTGTTGCTTGAGCGCCAGCAAACCGCCGGGCTACAGCCGGTACTGCGTCAGGTCGGCGACCTGGAACGTATTCTGGCACGTCTGGCTTTACGAACTGCTCGCCCACGCGATCTGGCCCGTATGCGCCACGCTTTCCAGCAACTGCCGGAGCTGCGTGCGCAGTTAGAAACTGTCGATAGTGCACCGGTACAGGCGCTACGTGAGAAGATGGGCGAGTTTGCCGAGCTGCGCGATCTGCTGGAGCGAGCAATCATCGACACACCGCCGGTGCTGGTACGCGACGGTGGTGTTATCGCATCGGGCTATAACGAAGAGCTGGATGAGT
eBlock-2,969,1319,CGTGTTGCTTGAGCGCCAGCAAACTATTGGCGCATTGCAGGATTTCACCGCCGGGCTACAGCCGGTACTGCGTCAGGTCGGCGACCTGGAActgATTCTGGCACGTCTGGCTTTACGAACTGCTCGCCCACGCGATCTGtggCGTATGCGCCACGCTaacCAGCAACTGCCGGAGCTGCGTGCGCAGTTAGAAACTgatGATAGTGCAattGTACAGGCGCTACGTGAGAAGATGGGCGAGTTTGCCGAGCTGCGCGATCTGCTGGAGCGAGCAATCATCGACACACCGCCGGTGCTGGTACGCGACGGTGGTGTTATCGCATCGGGCTATAACGAAGAGCTGGATGAGT
eBlock-2,969,1319,CGTGTTGCTTGAGCGCCAGCAAACTATTGGCGCATTGCAGGATTTCACCGCCGGGCTACAGCCGGTACTGCGTCAGGTCGGCGACCTGGAACGTATTCTGGCACGTCTGGCTTTACGAattGCTCGCCCACGCGATCTGGCCCGTATGCGCCACGCTTTCCAGCAACTGCCGGAGCTGCGTGCGCAGTTAGAAACTGTCGATAGTGCACCGGTACAGGCGCTACGTGAGAAGATGGGCGAGTTTGCCGAGCTGCGCGATCTGCTGGAGCGAGCAATCATCGACACACCGCCGGTGCTGGTACGCGACGGTGGTGTTATCGCATCGGGCTATAACGAAGAGCTGGATGAGT
eBlock-2,969,1319,CGTGTTGCTTGAGCGCCAGCAAACTATTGGCGCATTGCAGGATTTCACCGCCGGGCTACAGCCGGTACTGCGTCAGGTCGGCGACCTGGAACGTATTCTGGCACGTCTGGCTTTACGAACTGCTCGCCCACGCGATCTGGCCCGTATGCGCCACGCTTTCCAGCAACTGCCGGAGCTGCGTGCGCAGTTAGAAACTGTCGATAGTGCACCGGTACAGtttCTACGTGAGAAGATGGGCGAGTTTGCCGAGCTGCGCGATCTGCTGGAGCGAGCAATCATCGACACACCGCCGGTGCTGGTACGCGACGGTGGTGTTATCGCATCGGGCTATAACGAAGAGCTGGATGAGT
eBlock-2,969,1319,CGTGTTGCTTGAGCGCCAGCAAACTATTGGCGCATTGCAGGATTTCACCGCCGGGCTACAGCCGGTACTGCGTCAGGTCGGCGACCTGGAACGTATTCTGGCACGTCTGGCTTTACGAACTGCTCGCCCACGCGATCTGGCCCGTATGCGCCACGCTTTCCAGCAACTGCCGGAGCTGCGTGCGCAGTTAGAAACTGTCGATAGTGCACCGGTACAGGCGCTACGTGAGAAGATGGGCGAGTTTGCCGAGCTGCGCGATCTGCTGGAGCGAGCAATCATCGACACACCGCCGGTGCTGGTACGCGACGGTGGTGTTATCGCAggcGGCTATAACGAAGAGCTGGATGAGT
eBlock-3,1590,1997,GCTTTATGAAGAGCTGTTCGACCTGagcgtgaaaattctgCTGTTGCCGCATCTGGAAGCGTTGCAACAGAGCGCGAGCGCGCTGGCGGAACTCGACGTGCTGGTTAACCTGGCGGAACGGGCCTATACCCTGAACTACACCTGCCCGACCTTCATTGATAAACCGGGCATTCGCATTACCGAAGGTCGCCATCCGGTAGTTGAACAAGTACTGAATGAGCCATTTATCGCCAACCCGCTGAATCTGTCGCCGCAGCGCCGCATGTTGATCATCACCGGTCCGAACATGGGCGGTAAAAGTACCTATATGCGCCAGACCGCACTGATTGCGCTGATGGCCTACATCGGCAGCTATGTACCGGCACAAAAAGTCGAGATTGGACCTATCGATCGCATCTTTACCCGCGTAGGCGCGGCAGATG
eBlock-3,1590,1997,GCTTTATGAAGAGCTGTTCGACCTGCTGTTGCCGCATCTGGAAGCGTTGCAACAGAGCGCGAGCGCGCTGGCGGAACTCGACGTGCTGGTTAACCTGGCGGAACGGtggTATACCCTGAACTACACCTGCCCGACCTTCATTGATAAACCGGGCATTCGCATTACCGAAGGTCGCCATCCGGTAGTTGAACAAGTACTGAATGAGCCATTTATCGCCAACCCGCTGAATCTGTCGCCGCAGCGCCGCATGTTGATCATCACCGGTCCGAACATGGGCGGTAAAAGTACCTATATGCGCCAGACCGCACTGATTGCGCTGATGGCCTACATCGGCAGCTATGTACCGGCACAAAAAGTCGAGATTGGACCTATCGATCGCATCTTTACCCGCGTAGGCGCGGCAGATG
eBlock-3,1590,1997,GCTTTATGAAGAGCTGTTCGACCTGCTGTTGCCGCATCTGGAAGCGTTGCAACAGAGCGCGAGCGCGCTGGCGGAACTCGACGTGCTGGTTAACCTGGCGGAACGGGCCTATACCCTGAACTACACCTGCCCGACCTTCATTGATAAACCGGGCATTCGCATTACCGAAGGTCGCCATCCGGTAGTTGAACAAGTACTGAATGAGCCATTTATCgatAACCCGCTGAATCTGTCGCCGCAGCGCCGCATGTTGATCATCACCGGTCCGAACATGGGCGGTAAAAGTACCTATATGCGCCAGACCGCACTGATTGCGCTGATGGCCTACATCGGCAGCTATGTACCGGCACAAAAAGTCGAGATTGGACCTATCGATCGCATCTTTACCCGCGTAGGCGCGGCAGATG
eBlock-3,1590,1997,GCTTTATGAAGAGCTGTTCGACCTGCTGTTGCCGCATCTGGAAGCGTTGCAACAGAGCGCGAGCGCGCTGGCGGAACTCGACGTGCTGGTTAACCTGGCGGAACGGGCCTATACCCTGAACTACACCTGCCCGACCTTCATTGATAAACCGGGCATTCGCATTACCGAAGGTCGCCATCCGGTAGTTGAACAAGTACTGAATGAGCCATTTATCGCCAACCCGCTGAATCTGTCGCCGCAGCGCCGCATGTTGATCATCACCGGTCCGAACATGGGCGGTAAAAGTACCTATATGCGCCAGACCGCACTGATTGCGCTGATGGCCTACATCGGCAGCTATGTACCGGCACAAAAAGTCGAGATTGGACCTATCGATCGCgatTTTACCCGCGTAGGCGCGGCAGATG
eBlock-4,2028,2513,GGAGATGACTGAAACCGCCAATaccTTACATAACGCCACCGAATACAGTCTGGTGTTAATGGATGAGATCGGGCGTGGAACGTCCACCTACGATGGTCTGTCGCTGGCGTGGGCGTGCGCGGAAAATCTGGCGAATAAGATTAAGGCATTGACGTTATTTGCTACCCACTATTTCGAGCTGACCCAGTTACCGGAGAAAATGGAAGGCGTCGCTAACGTGCATCTCGATGCACTGGAGCACGGCGACACCATTGCCTTTATGCACAGCGTGCAGGATGGCGCGGCGAGCAAAAGCTACGGCCTGGCGGTTGCAGCTCTGGCAGGCGTGCCAAAAGAGGTTATTAAGCGCGCACGGCAAAAGCTGCGTGAGCTGGAAAGCATTTCGCCGAACGCCGCCGCTACGCAAGTGGATGGTACGCAAATGTCTTTGCTGTCAGTACCAGAAGAAACTTCGCCTGCGGTCGAAGCTCTGGAAAATCTTGATC
eBlock-4,2028,2513,GGAGATGACTGAAACCGCCAATATTTTACATAACGCCACCGAATACAGTCTGGTGTTAATGGATGAGATCGGGCGTGGAACGTCCACCTACGATGGTCTGTCGCTGGCGTGGGCGTGCGCGGAAAATCTGGCGAATAAGATTAAGGCATTGtgcTTATTTGCTACCCACTATTTCGAGCTGACCCAGTTACCGGAGAAAATGGAAGGCGTCGCTAACGTGCATCTCGATGCACTGGAGCACGGCGACACCATTGCCTTTATGCACAGCGTGCAGGATGGCGCGGCGAGCAAAAGCTACGGCCTGGCGGTTGCAGCTCTGGCAGGCGTGCCAAAAGAGGTTATTAAGCGCGCACGGCAAAAGCTGCGTGAGCTGGAAAGCATTTCGCCGAACGCCGCCGCTACGCAAGTGGATGGTACGCAAATGTCTTTGCTGTCAGTACCAGAAGAAACTTCGCCTGCGGTCGAAGCTCTGGAAAATCTTGATC
eBlock-4,2028,2513,GGAGATGACTGAAACCGCCAATATTTTACATAACGCCACCGAATACAGTCTGGTGTTAATGGATGAGATCGGGCGTGGAACGTCCACCTACGATGGTCTGTCGCTGGCGTGGGCGTGCGCGGAAAATCTGGCGAATAAGATTAAGGCATTGACGTTATTTGCTACCCACTATTTCGAGCTGACCCAGTTACCGGAGAAAATGGAAGGCGTCGCTAACGTGCATCTCtggaaaatgggcagcaacGATGCACTGGAGCACGGCGACACCATTGCCTTTATGCACAGCGTGCAGGATGGCGCGGCGAGCAAAAGCTACGGCCTGGCGGTTGCAGCTCTGGCAGGCGTGCCAAAAGAGGTTATTAAGCGCGCACGGCAAAAGCTGCGTGAGCTGGAAAGCATTTCGCCGAACGCCGCCGCTACGCAAGTGGATGGTACGCAAATGTCTTTGCTGTCAGTACCAGAAGAAACTTCGCCTGCGGTCGAAGCTCTGGAAAATCTTGATC
eBlock-4,2028,2513,GGAGATGACTGAAACCGCCAATATTTTACATAACGCCACCGAATACAGTCTGGTGTTAATGGATGAGATCGGGCGTGGAACGTCCACCTACGATGGTCTGTCGCTGGCGTGGGCGTGCGCGGAAAATCTGGCGAATAAGATTAAGGCATTGACGTTATTTGCTACCCACTATTTCGAGCTGACCCAGTTACCGGAGAAAATGGAAGGCGTCGCTAACGTGCATCTCGATGCACTGGAGCACGGCGACACCATTGCCTTTATGCACAGCGTGCAGGATGGCGCGGCGAGCAAAAGCTACGGCCTGGCGGTTGCAGCTCTGGCAGGCGTGCCAAAAGAGGTTATTAAGCGCGCACGGCAAAAGCTGCGTGAGCTGGAAAGCATTTCGCCGAACGCCGCCGCTACGTCTTTGCTGTCAGTACCAGAAGAAACTTCGCCTGCGGTCGAAGCTCTGGAAAATCTTGATC
eBlock-4,2028,2513,GGAGATGACTGAAACCGCCAATATTTTACATAACGCCACCGAATACAGTCTGGTGTTAATGGATGAGATCGGGCGTGGAACGTCCACCTACGATGGTCTGTCGCTGGCGTGGGCGTGCGCGGAAAATCTGGCGAATAAGATTAAGGCATTGACGTTATTTGCTACCCACTATTTCGAGCTGACCCAGTTACCGGAGAAAATGGAAGGCGTCGCTAACGTGCATCTCGATGCACTGGAGCACGGCGACACCATTGCCTTTATGCACAGCGTGCAGGATGGCGCGGCGAGCAAAAGCTACGGCCTGGCGGTTGCAGCTCTGGCAGGCGTGCCAAAAGAGGTTATTAAGCGCGCACGGCAAAAGCTGCGTGAGCTGGAAAGCATTTCGCCGAACGCCGCCGCTACGCAAGTGGATGGTACGCAAATGTCTTTGCTGTCAGTACCAGAAGAAACTTCGCCTagcGTCGAAGCTCTGGAAAATCTTGATC
